GLCM_Contrast,GLCM_Correlation,GLCM_Energy,GLCM_Homogeneity,Patient_ID
5.263143176733779,0.9693124852772341,0.994801665488785,0.9951515748998866,Breast_MRI_001
4.799909796966732,0.9448423305800702,0.9965944598670382,0.9968285807296767,Breast_MRI_002
5.289452360567514,0.9560636479257878,0.9904675991622568,0.9911677599615215,Breast_MRI_003
2.1925987646771032,0.9596776906956328,0.9992011689227636,0.9992479275229528,Breast_MRI_004
7.187669782678171,0.9558492158205366,0.9948066561829508,0.9951097303874993,Breast_MRI_005
4.117569716242661,0.9576456735114065,0.9964224609535571,0.9966952020881598,Breast_MRI_006
2.983471156919143,0.9223551879637721,0.9989962863218268,0.9990260091084109,Breast_MRI_007
6.555588846276766,0.9167199182630047,0.9972984676564652,0.9973943120391471,Breast_MRI_008
8.03184625733855,0.9681405100278136,0.9917097473039606,0.9922501244505952,Breast_MRI_009
9.435237279843442,0.9712582593971364,0.9866683337240462,0.9875340911713189,Breast_MRI_010
12.01195572407045,0.9557724879700925,0.9892826983764561,0.9898337193327871,Breast_MRI_011
20.896067759295498,0.9636044836376884,0.9406821798624182,0.9467579053335398,Breast_MRI_012
12.829416890900191,0.9671596104823571,0.9868441527599023,0.9875930087637057,Breast_MRI_013
1.7806307925854905,0.9399300107134247,0.9992959022133601,0.9993191936388715,Breast_MRI_014
4.613125199744327,0.9743444523819725,0.9932037130171661,0.9937921605696974,Breast_MRI_015
7.028949058219176,0.9801301252657503,0.9798307845542061,0.9818969869304137,Breast_MRI_016
2.4978327740492166,0.9578345897008479,0.9985818173553265,0.998646106334622,Breast_MRI_017
8.970757430488973,0.9711973401860132,0.9865822405635075,0.9877664101117895,Breast_MRI_018
13.502684169278998,0.960221568516789,0.9878723018125848,0.9885441383438903,Breast_MRI_019
3.7491667685909977,0.9627639498740854,0.9958109199856304,0.9960077431562532,Breast_MRI_020
4.286417563600782,0.971989972940173,0.9954210565785347,0.9957579248562438,Breast_MRI_021
7.151116570789388,0.9679674617294369,0.990881702376458,0.9915265117528606,Breast_MRI_022
3.113964125918823,0.9848744133383356,0.9939277858861354,0.994491455177067,Breast_MRI_023
2.1158191658512715,0.874522675520284,0.9997553818531092,0.9997665817914999,Breast_MRI_024
3.4426981409001955,0.9645751410800784,0.9976302625720105,0.9977406330323936,Breast_MRI_025
5.5364333652924245,0.9700884568650844,0.9935183120475158,0.9938694631111326,Breast_MRI_026
6.877676573985298,0.9592333597809511,0.9962048640210454,0.9964481597698793,Breast_MRI_027
10.632750079897729,0.9740365260194025,0.9699786289248877,0.9730217339036984,Breast_MRI_028
0.8129510151663404,0.9608198956375308,0.9991170818027278,0.9991546193864558,Breast_MRI_029
4.927386558219178,0.9279280169159905,0.9965333081749115,0.9967029724735186,Breast_MRI_030
3.9639034980430528,0.924934932634091,0.9962313634757183,0.9964793044633276,Breast_MRI_031
12.688593138454006,0.9687687502374882,0.9902611473126998,0.9908304189062449,Breast_MRI_032
6.281540484344423,0.9515683560041329,0.9860033702252331,0.9874015013176781,Breast_MRI_033
7.941131054305282,0.9536825571520519,0.9705819738294973,0.9741415644180267,Breast_MRI_034
7.883133561643835,0.9455846958225826,0.9912511076838721,0.9919510359612291,Breast_MRI_035
3.2867462695694707,0.9729979808866892,0.9971830718549961,0.9973525730607214,Breast_MRI_036
7.426351880877743,0.9031381570781019,0.9987069000590286,0.9987547849967026,Breast_MRI_037
4.720798679060664,0.9692297007178085,0.9945992915782753,0.9949095525021975,Breast_MRI_038
6.397581096196868,0.9390231450830413,0.9980375157261866,0.9981237159372035,Breast_MRI_039
13.013292984979227,0.9659736472970442,0.9815737297632304,0.9831215722330996,Breast_MRI_040
5.141580540606652,0.9714672354655419,0.9927035277102836,0.9931408780621152,Breast_MRI_041
19.103317753275807,0.9265139810003442,0.9898280960514595,0.990424211321867,Breast_MRI_042
6.163114603718197,0.9728527598167258,0.9929213661140455,0.9934315473804459,Breast_MRI_043
15.502536752956217,0.9295836365634708,0.9941624934312029,0.9945238831636174,Breast_MRI_044
7.947407045009784,0.9650927120953269,0.9879488131535271,0.9887407208592766,Breast_MRI_045
13.439187839565355,0.9469350040457823,0.967402999079298,0.9709440054602165,Breast_MRI_046
3.784131910469667,0.9709650606284993,0.9888737251637487,0.990053016018947,Breast_MRI_047
3.7666886385426652,0.968858962251712,0.9963746462101304,0.9966166467746602,Breast_MRI_048
2.103190741193737,0.9672657488513969,0.9984443816774334,0.9985266663144745,Breast_MRI_049
4.61761558219178,0.946101984960125,0.9980736325301558,0.998202784828996,Breast_MRI_050
1.7203247309197651,0.9623469120571021,0.9975958640255422,0.997799007884594,Breast_MRI_051
3.5698805528922968,0.9709226988210407,0.9974582574167989,0.9976544822540638,Breast_MRI_052
3.436223397749511,0.9860474949538095,0.9939915695498395,0.9945381266559437,Breast_MRI_053
7.4915530210371815,0.9538791211723281,0.9940259684565701,0.994292799496841,Breast_MRI_054
4.337221746575342,0.9670907276477526,0.9963765989157696,0.9965768122257526,Breast_MRI_055
20.708193187377685,0.9753651473389573,0.9832131146636849,0.984858066899225,Breast_MRI_056
27.087577900287627,0.9794742204707113,0.9592873549265365,0.9636874327977624,Breast_MRI_057
8.023582742172211,0.9568388795824427,0.988537441072229,0.9892975989347739,Breast_MRI_058
2.435000305772994,0.9766140611535066,0.997821369931391,0.9979856931999982,Breast_MRI_059
6.368464102250488,0.9764046867056781,0.9913848678358163,0.9920065037616669,Breast_MRI_060
13.43483213062622,0.9732744258014031,0.9683757131738775,0.9712927334135864,Breast_MRI_061
2.669329439823874,0.9511630293726924,0.9982188746361611,0.9982862570706488,Breast_MRI_062
17.887933445190157,0.9641798389058024,0.9300368546299886,0.9437152163427233,Breast_MRI_063
6.7121453033268095,0.9638016302862474,0.9950350173687266,0.9954018955645572,Breast_MRI_064
3.784934564579256,0.9778565471933153,0.988602341693583,0.9898625715310408,Breast_MRI_065
2.830112524461839,0.9782365848208519,0.9960669997836611,0.9963159563728305,Breast_MRI_066
4.642927053371684,0.9672000667404468,0.9968839937476807,0.9970495904049298,Breast_MRI_067
8.848183708414872,0.945442339216736,0.9885030913227026,0.9896572577546916,Breast_MRI_068
3.565091426125245,0.9677928149100203,0.9973779999002866,0.9975048239447285,Breast_MRI_069
5.384738869863012,0.959461731915489,0.9950999953223835,0.9954479951289948,Breast_MRI_070
5.54650042808219,0.9791210823170999,0.9925123975944135,0.9931538439382047,Breast_MRI_071
7.624255485893418,0.950306923727446,0.9932798041143062,0.993698452372161,Breast_MRI_072
4.207230002446185,0.9563671720590379,0.9984099821534689,0.9984920526841274,Breast_MRI_073
17.518975711089794,0.9604702173635102,0.9795363113855896,0.9808386578304262,Breast_MRI_074
2.989663231064238,0.9137887499177929,0.998851472015573,0.9989407997176288,Breast_MRI_075
13.586892633228839,0.9129837437605451,0.9962970337431369,0.9964068299577288,Breast_MRI_076
3.2489068615459877,0.9582930709518274,0.9917785591741123,0.992656194823754,Breast_MRI_077
2.474131604696672,0.9745135334686086,0.9972748017165335,0.9974651540494728,Breast_MRI_078
4.132950097847358,0.9770244677007995,0.9883233551854509,0.9896312119449457,Breast_MRI_079
8.45996667074364,0.9533615528687519,0.9907504056340425,0.9912893597946506,Breast_MRI_080
6.260995925215723,0.9773896118483502,0.9867669976983756,0.9880159545004716,Breast_MRI_081
7.823825503355705,0.9779323002125008,0.9895733683738652,0.9903693194270888,Breast_MRI_082
50.98651541095888,0.9306065904560517,0.9597534613492448,0.9618916870548551,Breast_MRI_083
3.538231064237775,0.9162661965554606,0.9982023044083531,0.9983149586471403,Breast_MRI_084
4.4502636625119845,0.9737654826834236,0.9961049925026565,0.9963365994271498,Breast_MRI_085
12.406269974432725,0.963119151968093,0.9774040847922872,0.979383767134263,Breast_MRI_086
3.8780195083170246,0.9261615692610079,0.9954210853033832,0.995745545331104,Breast_MRI_087
3.847511007827787,0.9696899110866439,0.9979016352396699,0.9980673424438199,Breast_MRI_088
9.731095584637965,0.9718852101897767,0.9821964729124871,0.9835485793831464,Breast_MRI_089
28.63830876956947,0.972679225224913,0.9522158560503301,0.956266365506291,Breast_MRI_090
23.58951542026206,0.9418769824335563,0.9711577240312522,0.9736138572476468,Breast_MRI_091
5.918044670846397,0.9667650381334465,0.9958855920549212,0.9961353627450336,Breast_MRI_092
2.820687071917808,0.9490345058841028,0.9986240230039533,0.9986905266256041,Breast_MRI_093
7.729076781719399,0.9643971221557055,0.9876658571024091,0.989033033390408,Breast_MRI_094
4.02585690316395,0.9539172357285317,0.997927656052997,0.9980207722995158,Breast_MRI_095
31.119916506871206,0.8627846009119806,0.9875859449280444,0.988121502985598,Breast_MRI_096
7.135836129753916,0.9617948142731524,0.9838357607460909,0.9856253351778379,Breast_MRI_097
11.895723473953343,0.9304550063648299,0.9877507499313258,0.9890670290049757,Breast_MRI_098
6.428517918297457,0.9463749103421908,0.9913046315249793,0.9919756722697768,Breast_MRI_099
8.149438718440397,0.9661006688004674,0.9921001324232782,0.9926140243062985,Breast_MRI_100
8.904981623521893,0.9509626692014151,0.9920602114215721,0.9925417747831636,Breast_MRI_101
2.0043801981409004,0.9637573408714101,0.9983144284624665,0.998418042342645,Breast_MRI_102
3.549177053371684,0.9778669375492054,0.9972734942711314,0.9974553911454805,Breast_MRI_103
3.5285334771492485,0.9666745952779788,0.9958852744640637,0.9962076074738861,Breast_MRI_104
7.161631604696671,0.9724857658738303,0.9938922030985979,0.9942496691065176,Breast_MRI_105
16.102249121124956,0.9577993861746275,0.9883000265879565,0.9891619333737794,Breast_MRI_106
3.1605002446183947,0.9616600161662334,0.99575740638184,0.9960820824051327,Breast_MRI_107
16.858220706947165,0.9183459785261027,0.9632781051509326,0.9676394208887474,Breast_MRI_108
2.338337818003914,0.9535956354360579,0.9984634928187393,0.9985368257147869,Breast_MRI_109
3.5438937133072397,0.9350498420066599,0.9987042884513629,0.9987964903204998,Breast_MRI_110
1.4672822896281796,0.9344731675468021,0.9993769882115092,0.9993994543340209,Breast_MRI_111
6.651782915360502,0.9724859569728382,0.9915360798214863,0.9923827243879642,Breast_MRI_112
0.8308846012720154,0.9522458607425132,0.9993540553575667,0.999374169181064,Breast_MRI_113
3.4095676369863,0.9687081439583177,0.9941024152350781,0.9946063755912525,Breast_MRI_114
11.371797027886496,0.9521638353157552,0.9798155249541718,0.9820527823442913,Breast_MRI_115
9.405201342281881,0.96731015984891,0.9833364082940336,0.9848617069061114,Breast_MRI_116
3.948920621330723,0.9543233546216017,0.9965982806258601,0.996864399959228,Breast_MRI_117
2.4627644936399213,0.9643091244476623,0.9985322912850727,0.9985976111212744,Breast_MRI_118
20.869187440076697,0.9617657433806036,0.9632324942852541,0.9667573538284134,Breast_MRI_119
6.16997243528284,0.9576614086963734,0.9958652989860846,0.9960972730623384,Breast_MRI_120
1.8629953659316074,0.9481859597824218,0.9988464782638528,0.9989087321894805,Breast_MRI_121
2.395632032778864,0.9790363173701533,0.9907810010168296,0.9920731464835052,Breast_MRI_122
5.681338674168298,0.981224469686028,0.9923786199092683,0.9929394039103225,Breast_MRI_123
2.7742689357622243,0.9468671883207698,0.9988864268109447,0.9989355499599704,Breast_MRI_124
2.674137104506232,0.9869872125467913,0.994037645910601,0.9947866220845286,Breast_MRI_125
4.310462607861936,0.9477588923326342,0.9978028157926605,0.9979442912173105,Breast_MRI_126
3.616151326302332,0.929757964093869,0.9975131876627883,0.9976636257075181,Breast_MRI_127
3.7056567593480345,0.9777954314050563,0.9948216375838808,0.9952460189438178,Breast_MRI_128
2.537403681506849,0.9411300908367949,0.9977678604115959,0.9979140358309251,Breast_MRI_129
3.092855613992172,0.979845585092819,0.9966709014550781,0.9969761567573241,Breast_MRI_130
11.672778843080856,0.8968695974565013,0.997293470260257,0.9974158286297073,Breast_MRI_131
6.157448465963567,0.9558648204311724,0.99526606843856,0.9955411560512372,Breast_MRI_132
2.401319410469668,0.9711078945039128,0.9976646618104296,0.9978436635813243,Breast_MRI_133
2.9614038038160473,0.9033833820672843,0.9975232467255257,0.9977509358738631,Breast_MRI_134
3.834615031800392,0.9662322473794125,0.9952337770099654,0.9955067335588994,Breast_MRI_135
6.7250259907045,0.9671177264857752,0.9938425099644521,0.9941235556189623,Breast_MRI_136
5.683275407478428,0.9673787441324414,0.9958203579651124,0.9960558002197903,Breast_MRI_137
2.9308800146771037,0.8710089986347331,0.999579562545948,0.9996044400155156,Breast_MRI_138
9.904102748481943,0.9611650045604544,0.990242516960767,0.9908265336767695,Breast_MRI_139
18.40577061361457,0.9658537360716216,0.9785126419317937,0.9800680699225278,Breast_MRI_140
5.08717841163311,0.9667818594004046,0.9963346972510544,0.9964956582381778,Breast_MRI_141
3.3326342281879198,0.8971542387657575,0.9992859150469147,0.9993353839673406,Breast_MRI_142
1.8324145094279323,0.933356783496608,0.9992259920420238,0.9992547132295927,Breast_MRI_143
5.682955816554809,0.9596254473319199,0.9878906058723984,0.989532692525176,Breast_MRI_144
2.7530577299412906,0.9561877168546382,0.9987386878290428,0.9987907470758605,Breast_MRI_145
6.295216181506846,0.944915461581208,0.994725428610073,0.9950039889493318,Breast_MRI_146
1.7145838429549902,0.9432265321586933,0.998215052945724,0.99831575049333,Breast_MRI_147
27.63617600293542,0.9738448063960721,0.9757102354417789,0.9773313943256574,Breast_MRI_148
25.171160914030036,0.9288207653867933,0.9471951505485783,0.9527231195255791,Breast_MRI_149
19.087474009295498,0.9604569897290066,0.9705204311931532,0.9725252759669626,Breast_MRI_150
4.445083170254403,0.982590223063912,0.9953331460471052,0.9957537487304382,Breast_MRI_151
3.057263637475537,0.9703902465935252,0.9975423532721732,0.9976594960101979,Breast_MRI_152
5.312789629274528,0.9781854684429802,0.9939427633110416,0.9943936211624284,Breast_MRI_153
1.8293404476516633,0.9725432848608297,0.998455848168351,0.9985353074064832,Breast_MRI_154
3.1401128302348336,0.9853489069643461,0.9923671542943612,0.9930289121290994,Breast_MRI_155
30.49544582933845,0.8725661999502953,0.99312882860577,0.9934698489717698,Breast_MRI_156
6.559334052412909,0.9774541674072984,0.988290028345902,0.9893434158152541,Breast_MRI_157
10.820020373921379,0.9741525769969479,0.9764902829473,0.9788136777445432,Breast_MRI_158
4.131405944227006,0.9771771771700294,0.9944693390666459,0.994943599639758,Breast_MRI_159
5.240788588551858,0.9612881735108014,0.994144466023424,0.9944945706077774,Breast_MRI_160
3.787885273972602,0.9767206750259226,0.9941559237229939,0.9946056828029967,Breast_MRI_161
2.143124694227006,0.9732672459216386,0.9974811982891225,0.9977150744486818,Breast_MRI_162
15.107861423679058,0.979737161466178,0.9816422264897599,0.9830160332192411,Breast_MRI_163
3.7792225950783003,0.9400896428756507,0.9986916764479504,0.998753661980142,Breast_MRI_164
2.779272531160115,0.9429505099868429,0.9988314973769213,0.9988893115494687,Breast_MRI_165
8.014711169702778,0.8179627737947938,0.9984719588683922,0.9984913251469881,Breast_MRI_166
6.27498165362035,0.9697519817907094,0.9936055333646715,0.9940537013730398,Breast_MRI_167
4.784985218919783,0.9626425311708479,0.9970088337202102,0.9971631276406909,Breast_MRI_168
4.322766858421221,0.9188068703277316,0.9980674777374374,0.998140683534563,Breast_MRI_169
4.382101577788649,0.9781280130877396,0.9939113085417747,0.9943037812320379,Breast_MRI_170
26.507400527325025,0.9028441108842563,0.9810944008452707,0.981936193378771,Breast_MRI_171
2.3307852250489236,0.9801126020660198,0.9944234737018616,0.9949445505806567,Breast_MRI_172
3.6822942147749513,0.9767863805081451,0.9966288567890927,0.9968675774542718,Breast_MRI_173
1.8851440190802349,0.9472543717607015,0.9991132594246337,0.9991356843564537,Breast_MRI_174
5.492462695694715,0.9001150778515414,0.9961281614107256,0.9963473287420361,Breast_MRI_175
27.747844827586206,0.9001520763822968,0.9831508807711441,0.9843932212049985,Breast_MRI_176
3.8250838926174495,0.9592753700568312,0.9968839933537091,0.9971032950136863,Breast_MRI_177
5.022000366927592,0.9559640943703817,0.9845700795119648,0.9864231980245793,Breast_MRI_178
7.765189273483363,0.974331726036574,0.9884150762773948,0.9892347374691153,Breast_MRI_179
12.916267178012145,0.9678341050226835,0.9860578919509999,0.9868917876719024,Breast_MRI_180
2.633299376797699,0.8985688109519168,0.9993608192319416,0.9993748299958192,Breast_MRI_181
9.261283023483363,0.9803303054995434,0.9859077185763199,0.9870420396849903,Breast_MRI_182
6.153873042505589,0.9666174168835562,0.9946868093494826,0.9950549521966671,Breast_MRI_183
3.351791829745596,0.9392123089528398,0.9984749595730148,0.9985494081349885,Breast_MRI_184
9.627056323385517,0.9752453334132083,0.961939596688857,0.9673769756212742,Breast_MRI_185
8.100981531311152,0.9791856003496839,0.9823225718533217,0.9843798696971289,Breast_MRI_186
4.017941230430527,0.9492467269980815,0.9981462535465659,0.99823599927282,Breast_MRI_187
5.194381192074145,0.9417965923211169,0.997058771783791,0.9972278815564296,Breast_MRI_188
9.288940156599551,0.9687323013113761,0.9877357243471528,0.9887700118907014,Breast_MRI_189
1.937492355675146,0.9327293296318445,0.9980583470238559,0.9981838510025067,Breast_MRI_190
3.647481959393345,0.9690633336343298,0.9938195779530424,0.9941910122014537,Breast_MRI_191
6.733331335890061,0.9628662352070426,0.9824228698139645,0.9850325892253605,Breast_MRI_192
1.5647550758317026,0.9648590094705312,0.9976302621839546,0.9977961777427373,Breast_MRI_193
7.322185359589039,0.9247683820550334,0.9974964881507006,0.9975979450423279,Breast_MRI_194
5.754743927772451,0.9561102572999938,0.99509628872515,0.9955266938340809,Breast_MRI_195
3.0127237136465324,0.9583572881363001,0.9956605695797461,0.9961174792879575,Breast_MRI_196
20.05560882070949,0.9587134379946721,0.9489228140015332,0.9560859501500506,Breast_MRI_197
19.06708413231064,0.9604834052525695,0.9837359257186666,0.9848262169790237,Breast_MRI_198
3.2598458904109577,0.9765433418378189,0.9966097472816545,0.9968015315046399,Breast_MRI_199
41.67913401253919,0.9180629025902733,0.9684270557841952,0.9705334694690871,Breast_MRI_200
3.6082015020773404,0.9782640753204,0.9955656844132771,0.9958502801075794,Breast_MRI_201
17.33088646532439,0.9700476003404336,0.9722008145254194,0.9746758244492828,Breast_MRI_202
8.715547027886494,0.9639457338381258,0.9879449445929618,0.9888949317235131,Breast_MRI_203
1.2685762224352826,0.9595837951207948,0.9992509598083954,0.99930226435659,Breast_MRI_204
17.43714071673189,0.9617727007372339,0.9761881317222167,0.9776467216540482,Breast_MRI_205
3.608037243150684,0.9490431975646106,0.996732058984966,0.9968792738700566,Breast_MRI_206
1.0861056751467708,0.9390332422020627,0.9997018716193362,0.9997095569424058,Breast_MRI_207
3.4332650440313115,0.976277771242452,0.9971333816742846,0.9973694933957482,Breast_MRI_208
2.0436441355065513,0.9668166097864987,0.9982023037088844,0.9982907747738383,Breast_MRI_209
3.9587128475551294,0.933428500551284,0.9982921886871365,0.9983926430865616,Breast_MRI_210
10.403653323745603,0.9603556966785468,0.9888543064954617,0.9895004295375979,Breast_MRI_211
2.5866254892367895,0.9783192920110357,0.9959102924781515,0.9962341505486466,Breast_MRI_212
10.76022810665362,0.9778933386901911,0.9814129321516607,0.9833760521237129,Breast_MRI_213
9.056557606263981,0.9629109801033233,0.9904822169883696,0.991012436393198,Breast_MRI_214
3.8040907638223063,0.950801497819388,0.9986567213592875,0.9987313778392358,Breast_MRI_215
7.076198630136988,0.9259756668990473,0.9941750501772507,0.994485679827286,Breast_MRI_216
12.333544826320937,0.9756426683831818,0.9710396628097407,0.9737046978392198,Breast_MRI_217
5.494755993150685,0.9678794060339709,0.9936437720469442,0.994082491339606,Breast_MRI_218
8.633897994129159,0.9517385513973805,0.9868785991576258,0.9881139840358529,Breast_MRI_219
1.6276372920743638,0.965826257565615,0.9982341632272933,0.9983185918606996,Breast_MRI_220
1.7038690476190477,0.9392170200556822,0.9881853562890738,0.9909281249069269,Breast_MRI_221
15.587359344422696,0.9481807290710919,0.9890266177181329,0.9897500626012629,Breast_MRI_222
2.460650367529562,0.9745075770906293,0.9971336739303717,0.9973452694580209,Breast_MRI_223
13.578957680250786,0.9289718421198829,0.9943573917192167,0.994617081653446,Breast_MRI_224
30.112914322407036,0.9656080201666944,0.9697821562152238,0.9713798458501478,Breast_MRI_225
2.6564028864970646,0.9900907953491247,0.9929404777645976,0.9937039906254156,Breast_MRI_226
3.755712687759667,0.9775606942848298,0.9948166509629068,0.9953517740656175,Breast_MRI_227
3.987715569960861,0.9832211748466769,0.9926194274055696,0.9932463439370182,Breast_MRI_228
6.741789995107631,0.9505801202354184,0.9951038254968307,0.9953333027427157,Breast_MRI_229
9.562347113502934,0.968399908956356,0.9867447911494222,0.9877513602668855,Breast_MRI_230
5.755812559923296,0.9786436740750081,0.9926993617251978,0.9932923703053659,Breast_MRI_231
2.633706886007827,0.9652223454328325,0.9981768319435782,0.9983059270773719,Breast_MRI_232
2.127033390410958,0.978585887307835,0.9973130229781194,0.9974443074131116,Breast_MRI_233
6.252499694227006,0.9703047635891844,0.985720446306469,0.9870257666426472,Breast_MRI_234
2.4190313111545985,0.9718887316087983,0.9976149735269703,0.9978129250002805,Breast_MRI_235
18.982448630136986,0.9293526082675997,0.9825061489196775,0.9834493180068409,Breast_MRI_236
19.90916927899687,0.9685847498861491,0.9877253527560997,0.9884806364835447,Breast_MRI_237
3.135694410469667,0.9757681763556983,0.9930933662237059,0.993708786016498,Breast_MRI_238
5.4023055283757335,0.9767780111145674,0.9948477335953518,0.9951437955883157,Breast_MRI_239
4.872370352250488,0.974107042663717,0.9942744106431474,0.9946880847835979,Breast_MRI_240
10.224192759295498,0.9778631559471193,0.981970911055678,0.983731985641082,Breast_MRI_241
3.2671309319960855,0.9333156126164326,0.9974315164025238,0.997575605321921,Breast_MRI_242
1.813272076810176,0.9784896396479033,0.9976035070616895,0.9978235041177127,Breast_MRI_243
5.812576443248533,0.9680361453747504,0.9959982012526809,0.9962339775826056,Breast_MRI_244
5.508928571428569,0.9722181735355335,0.9940680132900077,0.9943333882961978,Breast_MRI_245
10.929050814956854,0.9590033567209473,0.9880004181005339,0.9887551256992195,Breast_MRI_246
1.57343902886497,0.9534200512828015,0.9990253498095599,0.9990586994218994,Breast_MRI_247
3.0011695817025443,0.9698126011266619,0.997809903678396,0.9979576964121162,Breast_MRI_248
21.907771220645795,0.9474336037780002,0.9823570094351803,0.9833197906396264,Breast_MRI_249
9.77408916586769,0.9325866996325165,0.955714407656665,0.9628019223760308,Breast_MRI_250
6.232066413894323,0.9583373924406998,0.987107899576838,0.9885186941325997,Breast_MRI_251
6.04389371330724,0.9654843251016597,0.980033204583203,0.9826708983711671,Breast_MRI_252
3.7557726110578455,0.9822693687637862,0.9962398191717184,0.9965337962982006,Breast_MRI_253
5.846914750489237,0.9754128023706982,0.9948821308873235,0.9952054802078777,Breast_MRI_254
18.03275593199608,0.9645173254611451,0.9733367287745157,0.9751168244870674,Breast_MRI_255
6.867499600511346,0.9676126044868252,0.9905770881899328,0.9914439236585837,Breast_MRI_256
2.877713735322896,0.9838872083542274,0.9936475767135007,0.9942442237810597,Breast_MRI_257
9.751116071428571,0.9430751168705487,0.9651083981801633,0.9689246848006747,Breast_MRI_258
2.889287243150685,0.9290205660996872,0.999258501282359,0.9992856477467468,Breast_MRI_259
10.855399951076322,0.9774373792340763,0.9896190244421329,0.990348955356045,Breast_MRI_260
8.04199792074364,0.9648149025606427,0.9839661075431919,0.9851963334393616,Breast_MRI_261
3.622706702544031,0.9712660526804041,0.9974276878688625,0.9975551738694143,Breast_MRI_262
2.6775088674168286,0.9315847201032276,0.9989450844169804,0.9989860449812468,Breast_MRI_263
6.225186521526419,0.9282892322036035,0.997500309225679,0.9976001660832018,Breast_MRI_264
8.513372882710131,0.9711356572810399,0.9898280491621465,0.9905389850314152,Breast_MRI_265
26.892647411313526,0.9553892188195322,0.9558269569644068,0.9593232958015502,Breast_MRI_266
4.997645547945205,0.959475557615391,0.9936399382550005,0.9940903069903557,Breast_MRI_267
10.160724272930649,0.9696215504375533,0.9889441860620216,0.9896972974119684,Breast_MRI_268
9.070350721624266,0.9644938318841224,0.981015533774543,0.9826577598997402,Breast_MRI_269
4.80877476829658,0.9251819576576267,0.9989563373129047,0.9990096563270793,Breast_MRI_270
11.204369122257052,0.9474861715094324,0.9903409416742972,0.9910264148603604,Breast_MRI_271
1.6209102862035223,0.978889295238114,0.997278623827676,0.9974630865820183,Breast_MRI_272
4.176423373287671,0.940646364410044,0.9970645871500902,0.9971692882419672,Breast_MRI_273
10.899232509784738,0.9596689469134532,0.9825977974524461,0.9841542247307659,Breast_MRI_274
10.480105465004794,0.9655984494377601,0.9798659466624066,0.9821271107487829,Breast_MRI_275
4.712535163894323,0.9691571345372882,0.9956733182111173,0.9960151768325686,Breast_MRI_276
1.205143101761252,0.9135201958955264,0.999717160279998,0.9997198511547113,Breast_MRI_277
2.2402764187866926,0.9163956257909182,0.9993043671693109,0.9993420682064246,Breast_MRI_278
4.4824868517612515,0.9718615901251749,0.9949050651392212,0.9953022467069759,Breast_MRI_279
4.214927837573384,0.9699604114150154,0.9922830773149148,0.9929980849226541,Breast_MRI_280
2.131856959393346,0.9868605884773587,0.995799451261207,0.9961244593399173,Breast_MRI_281
4.423687679769896,0.9638779320484647,0.9963247118868283,0.9965544514349486,Breast_MRI_282
5.366079072896282,0.9503704746086002,0.9972480465869665,0.9973810602246899,Breast_MRI_283
4.987134601272015,0.9668802451644056,0.996131977772841,0.9963330422427298,Breast_MRI_284
6.45935512475538,0.947862614197454,0.9809929855169787,0.9831569308446408,Breast_MRI_285
3.4726791829745602,0.9643554221047033,0.9952031937915252,0.9955750649904223,Breast_MRI_286
19.283902580724067,0.9546385344170302,0.9768225762671509,0.9786428134685273,Breast_MRI_287
4.415458213486737,0.9495654713289967,0.9980175403190947,0.9981036766552149,Breast_MRI_288
8.120443982387474,0.9511189758898734,0.9951764384125286,0.9954205839759449,Breast_MRI_289
4.27801414189837,0.9562819850760321,0.9970637628909819,0.997269223890211,Breast_MRI_290
10.594644386007829,0.9673254004038685,0.990845956992843,0.9913504701490176,Breast_MRI_291
5.76212389921722,0.9750072296808396,0.9935864235525714,0.9940378356484335,Breast_MRI_292
30.55535914030041,0.9686039222163663,0.9564262325097836,0.9603420122973635,Breast_MRI_293
1.6629014860977942,0.9369475357470012,0.9993458382077934,0.9993846257238927,Breast_MRI_294
3.307118395303326,0.9547844725794198,0.9984634923871126,0.998571716297143,Breast_MRI_295
2.2869144447162433,0.9694900337354251,0.9978825258549759,0.9980291947533552,Breast_MRI_296
8.708911753913895,0.9823867075503562,0.9879754979586656,0.9887929976612139,Breast_MRI_297
4.556659735812131,0.9797364237603625,0.9937698857113823,0.9941147806195907,Breast_MRI_298
3.2510931384540105,0.9765365258292239,0.9954592777108942,0.9958779663410897,Breast_MRI_299
3.1286463429549904,0.9456600528022773,0.9987348655276613,0.9987904769379197,Breast_MRI_300
5.543580295988258,0.9379471938024411,0.9970836969474448,0.9971916341519425,Breast_MRI_301
2.7432424168297445,0.9803622228023557,0.9968964104476198,0.9971223282808186,Breast_MRI_302
5.834806139921722,0.9734867710613556,0.9937049141698374,0.994076966666813,Breast_MRI_303
47.02878134796237,0.9397120248579125,0.9596205337839938,0.9617676786634689,Breast_MRI_304
2.2298113380626225,0.9059187502739455,0.9990329944414885,0.9990807870471804,Breast_MRI_305
6.16582069471624,0.9738962537637743,0.9946566244181698,0.9951015291947252,Breast_MRI_306
5.173697666986257,0.9695880618364113,0.9914609655540794,0.992159106373708,Breast_MRI_307
6.3381084882583165,0.9647784077908653,0.9937737108910375,0.9941402005022745,Breast_MRI_308
1.0385961961839527,0.9346808331024455,0.9986507784846734,0.9987645314010198,Breast_MRI_309
2.593474804305284,0.9721890141043774,0.996135800034237,0.9965862160492404,Breast_MRI_310
4.030577299412916,0.9679175874614527,0.9976149733256173,0.9977736702434502,Breast_MRI_311
2.4180528375733843,0.9263470886652082,0.9983526507451389,0.998420876239164,Breast_MRI_312
10.538221077021413,0.9652748318670703,0.9911313980871503,0.9917019466758382,Breast_MRI_313
4.0588460127201555,0.9774859080802671,0.9970187170802872,0.9972515999799751,Breast_MRI_314
6.1638790362035225,0.9599774710501805,0.9871423033581846,0.9881480713253266,Breast_MRI_315
2.148459971236817,0.9229194500262706,0.9982422543665479,0.9983643016360692,Breast_MRI_316
5.30665209148728,0.9709180464244699,0.9898980474116571,0.9908185460393979,Breast_MRI_317
1.6162854696673188,0.9470648370460346,0.9986087345151916,0.9986863972992643,Breast_MRI_318
2.7029415362035216,0.9667797898395443,0.9965218402767237,0.9968324784988474,Breast_MRI_319
4.357142857142857,0.9675239158571485,0.9898369086616265,0.9909782963736721,Breast_MRI_320
12.324275078369904,0.9513224790751551,0.9857269474934846,0.9867694565687413,Breast_MRI_321
3.0018652152641874,0.9803142080461823,0.9912281737116663,0.9926056925469718,Breast_MRI_322
6.474662432086927,0.9676655599984287,0.9934434053594128,0.9939133354168052,Breast_MRI_323
38.911951410658304,0.950222116881313,0.9318692759822227,0.9400935162812465,Breast_MRI_324
3.605384662426614,0.9666961206633378,0.9977563932691343,0.9979224382260333,Breast_MRI_325
2.0999954134050878,0.9658895720021053,0.9978939909331349,0.9980340451626103,Breast_MRI_326
17.44040627996165,0.9712097504579609,0.9815238019074248,0.9828137307810105,Breast_MRI_327
3.118127751956946,0.9702426714207427,0.9947560033427262,0.995195180921964,Breast_MRI_328
6.682515900195693,0.8504320873240141,0.9987425107520845,0.9987896071953828,Breast_MRI_329
2.8422517123287663,0.9768544931321612,0.9970301851463244,0.9971842507617352,Breast_MRI_330
2.132453216731898,0.9745767279620544,0.9978213699277306,0.9979723494048895,Breast_MRI_331
4.1663710861056735,0.9848048153832685,0.9944922719271727,0.9950129509172294,Breast_MRI_332
4.941299229452055,0.9780041001470356,0.9957574050687704,0.9960780425257305,Breast_MRI_333
3.3396449975538154,0.9381284829591395,0.9982074085001522,0.9982863092180517,Breast_MRI_334
12.596708463949843,0.9664053817784979,0.9896747960168479,0.9901990015090102,Breast_MRI_335
1.4677256604696671,0.8278603198836355,0.9997821369791297,0.9997908885222349,Breast_MRI_336
1.8181032901174166,0.9709596396952132,0.998429092943621,0.9985177456171663,Breast_MRI_337
7.239343811154598,0.9780218804700642,0.9863969767079165,0.9875126582897045,Breast_MRI_338
1.2734069227005866,0.9531886720951999,0.9989985945812094,0.9990515943344036,Breast_MRI_339
5.545093872309197,0.9646634114439298,0.9925964844491337,0.9931722903104185,Breast_MRI_340
5.159056407798019,0.9559582723493074,0.9959202315363423,0.9962116346913076,Breast_MRI_341
3.6655780600830936,0.9715110099938579,0.9947866835802761,0.995186139369736,Breast_MRI_342
1.882330907534246,0.9445697795064145,0.9985858024367331,0.9986630432559099,Breast_MRI_343
7.295671540428251,0.9775311480688313,0.9871664541156684,0.9879754611615377,Breast_MRI_344
4.083009723581214,0.9843334700738728,0.9902229273156335,0.9910897112315168,Breast_MRI_345
14.41544612279843,0.9663688910193261,0.9739329541487651,0.9757091460469465,Breast_MRI_346
3.7367523850293543,0.9585944709015212,0.9975805741055023,0.997734109216152,Breast_MRI_347
3.9435084393346385,0.9468476887042624,0.9988380638143217,0.998901512347125,Breast_MRI_348
3.486691230430528,0.9871106224417381,0.9943432073439672,0.9948003128233448,Breast_MRI_349
6.048419153620351,0.9837885745478648,0.9850439374027846,0.9864298971796057,Breast_MRI_350
1.9285314797059765,0.9124003423077532,0.9991161326434554,0.9991382434219229,Breast_MRI_351
1.903520976027397,0.9747626153529689,0.997079871777781,0.997293440704177,Breast_MRI_352
9.632430488974114,0.9509376843738756,0.9860129748578299,0.9873174602693722,Breast_MRI_353
3.472763270547945,0.9494913071961398,0.9966365026090541,0.9968226647992596,Breast_MRI_354
4.598757032778863,0.9761055140571778,0.995615985375222,0.9959599673540508,Breast_MRI_355
10.535654362416107,0.9688902103871376,0.9835911028704751,0.9849600669930668,Breast_MRI_356
4.697215936888455,0.9607458904264797,0.9936475987486039,0.9940889083116516,Breast_MRI_357
3.415858916340508,0.9332903346079974,0.9976417290299658,0.9977729001823457,Breast_MRI_358
7.836182118395303,0.9759010607589015,0.9573573370561144,0.9649198755426627,Breast_MRI_359
3.146220645792563,0.9785533677084222,0.9958147392029509,0.9961264696025324,Breast_MRI_360
4.183639615949119,0.9700845141807429,0.9954095897721281,0.9956939749134429,Breast_MRI_361
4.831136863992171,0.9795906381372023,0.9937737058598065,0.9942431308725551,Breast_MRI_362
15.951861285266457,0.9359530537070144,0.9922218162363039,0.9925139172623438,Breast_MRI_363
2.174466426125244,0.9573100996386976,0.999036816077481,0.999084826498478,Breast_MRI_364
1.7043480919765162,0.9452024292273616,0.9989183292983084,0.9989754051974279,Breast_MRI_365
16.468589469178077,0.9205223198854401,0.9826361483530849,0.9838790596709145,Breast_MRI_366
12.842152336105674,0.9635868724200549,0.967653744780909,0.9718197940295344,Breast_MRI_367
6.880652764461487,0.9755769439709859,0.9943172844788761,0.994687994091313,Breast_MRI_368
10.540805406066537,0.9355614452309615,0.9910256083790543,0.9915873959045537,Breast_MRI_369
6.960890060722275,0.9754774174728286,0.9840504847802259,0.9857050379407027,Breast_MRI_370
6.240262539184952,0.9207597948568004,0.9961598881915582,0.996478092979122,Breast_MRI_371
2.5634937622309186,0.9597755560391626,0.9980698103713973,0.9982148031343446,Breast_MRI_372
8.378653987279842,0.9756608592359227,0.9773844467103955,0.9797138379740965,Breast_MRI_373
2.2873883928571432,0.9296661142968461,0.9994496091477412,0.999475229814966,Breast_MRI_374
1.9183145573665707,0.9684437466193397,0.998561842903913,0.9986685020381078,Breast_MRI_375
5.496564397571109,0.9314692915823793,0.9970887355896901,0.9971927423418698,Breast_MRI_376
4.0052669398238745,0.9710254415515356,0.9956656734974892,0.9959319360707684,Breast_MRI_377
5.772596624266145,0.978242688673537,0.9928907960025275,0.9933207908721481,Breast_MRI_378
1.2229845797379355,0.9549426123854781,0.9989713183496032,0.9990448246448415,Breast_MRI_379
2.2672608855185903,0.9689323469571592,0.9976799511483052,0.9978229974638879,Breast_MRI_380
2.6306032901174166,0.9418871449529608,0.9985322915813383,0.9985826463915383,Breast_MRI_381
4.687836350293542,0.9792970103723574,0.9950694170946097,0.9954381068026219,Breast_MRI_382
24.63238441780822,0.9766795133318396,0.9598141398297754,0.9629967213485517,Breast_MRI_383
3.3812320230105466,0.9135444367036653,0.9984669647732249,0.998506734686617,Breast_MRI_384
18.617000239693187,0.9042775861495589,0.9587259013723497,0.9643226359560273,Breast_MRI_385
11.06050255672739,0.9649825575087962,0.989673267747274,0.9902574543597146,Breast_MRI_386
12.782694777397259,0.9840405497534641,0.9771015040692237,0.9790229492388741,Breast_MRI_387
1.8906861545988254,0.9588565931282174,0.9983029623410546,0.9983987585151858,Breast_MRI_388
4.644363074853229,0.9063557393438342,0.9984405603453654,0.9985107071182245,Breast_MRI_389
4.559488136007827,0.9706789672333875,0.9949012435751889,0.9951871348439173,Breast_MRI_390
2.1896633439334643,0.9820242303559836,0.9968658307450051,0.9971084527385955,Breast_MRI_391
10.182462389921717,0.9771559805551331,0.9804726423147934,0.9820691503849354,Breast_MRI_392
2.5265487402152633,0.9460244206265802,0.9990788598531641,0.9991364356777603,Breast_MRI_393
2.05060736677116,0.9230695901673268,0.9990301751514872,0.9990729895303819,Breast_MRI_394
9.517451993639918,0.956660763153695,0.9923098301730225,0.9927275786225811,Breast_MRI_395
1.019936399217221,0.9628694299366402,0.9994687199744806,0.9994902696537281,Breast_MRI_396
5.887315007338551,0.9622418424374372,0.9941597599335597,0.9945282660695608,Breast_MRI_397
5.331465723873441,0.9417894605028155,0.9968090939155871,0.9969537882221517,Breast_MRI_398
2.3396755748532287,0.9503946056751547,0.996376596390231,0.9966300361824135,Breast_MRI_399
6.091181506849314,0.9715664020912134,0.985517875157329,0.986938810462696,Breast_MRI_400
3.192132460861056,0.9812823307247385,0.9954898547716315,0.9958109831302857,Breast_MRI_401
2.9708369006849313,0.9758476267724745,0.9959943790279371,0.9962662069130489,Breast_MRI_402
5.915308524951076,0.9676324647607131,0.991541570373733,0.9920630300445129,Breast_MRI_403
21.73802134295499,0.9684677681295455,0.963815877957279,0.9661091498902122,Breast_MRI_404
2.777025407478427,0.9684860606279152,0.9970188205300989,0.9972525285609446,Breast_MRI_405
1.9264386619373775,0.9750849639429965,0.997702883796982,0.9978346536723918,Breast_MRI_406
18.28118884540117,0.9610780511831865,0.968004965674494,0.9702965944554082,Breast_MRI_407
1.4784659368884534,0.959870003544462,0.9990903262782881,0.9991248843063616,Breast_MRI_408
6.758768775966763,0.94560216897387,0.9909516385055818,0.9920156612527,Breast_MRI_409
6.836349472674975,0.9715322478791624,0.9929540371381783,0.9934196422691136,Breast_MRI_410
2.3989267367906066,0.9570529791812022,0.9983450055752429,0.9983993544575636,Breast_MRI_411
14.464744373776908,0.9486985362679546,0.9760697845155808,0.9778744270587806,Breast_MRI_412
3.3126911081213297,0.9646304381521257,0.9980736322703466,0.9982436252705142,Breast_MRI_413
11.346524889921723,0.9517199560966699,0.986542308528668,0.9874284315833048,Breast_MRI_414
3.412235506360078,0.9662288655859583,0.9967702766627325,0.9969899751221645,Breast_MRI_415
3.0432057240704493,0.9711155479565184,0.9976799508444651,0.9977954201043059,Breast_MRI_416
7.253575423457974,0.9570873797955772,0.9926244540679114,0.9931009222607121,Breast_MRI_417
2.911272321428571,0.9784681690090175,0.9964683268108175,0.9967371826175786,Breast_MRI_418
5.116155516144814,0.9641743465026033,0.9964721484344468,0.9966861396438018,Breast_MRI_419
26.782307993730402,0.9380712278778538,0.9513729505407978,0.9575025423108011,Breast_MRI_420
19.52426308708415,0.9307498123553948,0.9731084692482455,0.9749836995352528,Breast_MRI_421
2.076389738258317,0.9783110456808367,0.9969040524057561,0.9971927898296528,Breast_MRI_422
3.9334485078277885,0.9592263165815154,0.9976684840021306,0.9977803955467316,Breast_MRI_423
5.434495780332681,0.9741442079177092,0.9895387775827739,0.9903786461997196,Breast_MRI_424
1.015823752446184,0.9514453790732279,0.9985705130811761,0.998716789454217,Breast_MRI_425
4.989030393835615,0.9779226362241551,0.9960784672645357,0.9963469620525971,Breast_MRI_426
1.0925957069471623,0.9425256964616896,0.999170591648964,0.9992357461261202,Breast_MRI_427
8.102698545861296,0.9738982352912662,0.9917705498020996,0.9923458578808302,Breast_MRI_428
17.928213166144197,0.9401160759890926,0.9866967844727649,0.9874959321567569,Breast_MRI_429
2.3606668909001955,0.9815118936003279,0.9961243334187034,0.9963743854038226,Breast_MRI_430
5.47740987460815,0.958937611785814,0.993015310930767,0.993824439091095,Breast_MRI_431
2.959569165851272,0.9412587786526397,0.997863414230385,0.9979936033383118,Breast_MRI_432
3.5284215998043056,0.9810312808333863,0.9913428246468826,0.9922060960081388,Breast_MRI_433
1.5418603228962817,0.9706371169507478,0.9980201227210649,0.9981306714364038,Breast_MRI_434
2.9772275562622315,0.9782108599942712,0.9929748778365892,0.993653350439009,Breast_MRI_435
3.3118708053691273,0.9666800293046658,0.9964395691346821,0.9966842747108757,Breast_MRI_436
91.05897335423195,0.9330463963059366,0.9123877399653361,0.9186415259946041,Breast_MRI_437
5.7637521404109595,0.9698487675802197,0.9905172388462317,0.991534363992615,Breast_MRI_438
8.084798495596866,0.9767443257321353,0.9905363441161559,0.9911654697643152,Breast_MRI_439
1.2721608977495107,0.9647140805239575,0.9987119328383728,0.9988049893349034,Breast_MRI_440
11.981974681996086,0.9742805823854488,0.9794177302591256,0.981036132763777,Breast_MRI_441
8.692132460861057,0.9457037602256743,0.9934755823213894,0.9939013913631902,Breast_MRI_442
4.64226088551859,0.9662863977848368,0.9961090475299637,0.9963184315180867,Breast_MRI_443
13.709011130136986,0.9662936341734905,0.9862631752010207,0.9869645155785569,Breast_MRI_444
4.77902550146771,0.9701776457151269,0.9949203531060269,0.9952378694483613,Breast_MRI_445
2.2412412112496,0.95989711103732,0.9983471183082975,0.998483346378511,Breast_MRI_446
1.460226577788649,0.9703396722250938,0.9986851778733093,0.9987858236959123,Breast_MRI_447
2.3105354085127194,0.9658106876940938,0.9984329150658033,0.9985068612280411,Breast_MRI_448
5.435145547945206,0.97959464041193,0.9876544573108298,0.9891156345990202,Breast_MRI_449
3.3036249388454006,0.9478318969050741,0.9984520260315363,0.9985260359731645,Breast_MRI_450
3.2985338184931505,0.9694000426653145,0.996040246267511,0.9963357525762919,Breast_MRI_451
5.216984160958905,0.9778780180634863,0.9920843283301979,0.9927841619429236,Breast_MRI_452
5.2593380472994555,0.9781802529803444,0.9911313715693001,0.991903319862829,Breast_MRI_453
10.653873042505593,0.97546417634804,0.9888043648486896,0.9895314384793474,Breast_MRI_454
1.529591181506849,0.9484311607505787,0.9988609970265195,0.998913285820597,Breast_MRI_455
6.412991371045061,0.966285149344607,0.9898480426078502,0.9908173136649322,Breast_MRI_456
8.01794670846395,0.9519315600672248,0.9913303747974236,0.9918398419536434,Breast_MRI_457
6.14966823630137,0.9546933707828962,0.9924168501335641,0.993081098228181,Breast_MRI_458
1.904010212818004,0.9799615417788032,0.9979475012948114,0.9980828624764198,Breast_MRI_459
9.660813661937373,0.9508066369749008,0.988675016995299,0.9895540707175337,Breast_MRI_460
6.701374449608611,0.970443075701815,0.9878608923382025,0.9888554585254087,Breast_MRI_461
3.5818783635029363,0.9769028053499729,0.9967588100216054,0.9969660282144402,Breast_MRI_462
0.9966135640900193,0.965760013403271,0.9984329160827173,0.9985955087970567,Breast_MRI_463
5.92031200063918,0.9689402851742431,0.9835311573495219,0.9854522604261594,Breast_MRI_464
5.942889249021526,0.9666586430358224,0.9955739413613244,0.9957792439488476,Breast_MRI_465
4.310879403131115,0.9813425470415349,0.9928946165427243,0.9933929836262546,Breast_MRI_466
7.334920804794521,0.955115345734077,0.9915301643611827,0.9921137504766112,Breast_MRI_467
3.9619236179060655,0.9605860847344849,0.9970416506811449,0.9971896347253799,Breast_MRI_468
3.899156066536203,0.9663244882252953,0.995963801820361,0.9962000916187491,Breast_MRI_469
3.9768835616438345,0.981982121871087,0.9828615307680647,0.9851338316914068,Breast_MRI_470
1.3171706824853229,0.9451370875906263,0.9989756621623843,0.9990379135808307,Breast_MRI_471
4.800284368884539,0.9282820468390149,0.9975385312049533,0.9976433541914868,Breast_MRI_472
6.788756727005868,0.9595342689792918,0.9944311207370887,0.9946678572020391,Breast_MRI_473
9.86120765420262,0.9717269630571801,0.9879504569139337,0.9889596191239908,Breast_MRI_474
4.133622798434442,0.9763277071737184,0.9921607706968917,0.9928852685651837,Breast_MRI_475
3.7438386741682974,0.9788132189107924,0.9933341623319222,0.9940908094921056,Breast_MRI_476
2.039799057206775,0.9755533038439348,0.998257233123959,0.9983377716653599,Breast_MRI_477
2.9612595877277084,0.9681175911432143,0.993837912124278,0.9946283509385969,Breast_MRI_478
4.5632790028763175,0.9635529112221641,0.9949714458467277,0.9953701786842897,Breast_MRI_479
5.485437561154597,0.9796152374788688,0.990811542924235,0.9914517202823951,Breast_MRI_480
4.319815618884541,0.9256770893661621,0.994587838652163,0.99496190428976,Breast_MRI_481
1.748412032598274,0.9554940576700514,0.9989263757574689,0.998986091674577,Breast_MRI_482
2.7180696550880623,0.984148418040781,0.9965294826444314,0.9968602525773808,Breast_MRI_483
4.42789229785874,0.9680865651413898,0.9967541600857492,0.9969445949062573,Breast_MRI_484
2.968490332374561,0.9544751796540323,0.9947417484269552,0.9953869502363031,Breast_MRI_485
5.041630993150683,0.9679206201395018,0.996563881193518,0.996734068594358,Breast_MRI_486
4.624240971556407,0.9747379116681392,0.9965644025880376,0.9967815750342053,Breast_MRI_487
3.866354268590998,0.29599688024641424,0.9999082682478639,0.9999085323860493,Breast_MRI_488
18.447317433684884,0.9659747917903834,0.974213110547948,0.9762682067440297,Breast_MRI_489
1.0843398361056749,0.9283567481549059,0.9990826823226561,0.9991360027534428,Breast_MRI_490
4.740031800391388,0.9871088992064188,0.9928793235122683,0.9934896681381954,Breast_MRI_491
3.062278314579256,0.9564959064273262,0.9978404820574646,0.9979387154586163,Breast_MRI_492
3.021122962607862,0.9216040355564565,0.9983471213492973,0.9984552285566893,Breast_MRI_493
3.801194043542074,0.972685754245406,0.9955739446996303,0.9958981566230477,Breast_MRI_494
1.2232525073385518,0.9476721678411798,0.9989068627854496,0.9989726644904984,Breast_MRI_495
3.5029736423679054,0.93206291770134,0.999174413793111,0.9992095900296153,Breast_MRI_496
3.6034582925636,0.9305833237216119,0.9985246475344794,0.9985707264974887,Breast_MRI_497
2.5819853840508804,0.970293320229081,0.997966612095917,0.9980496819900706,Breast_MRI_498
17.130098764677097,0.9721176144766589,0.9721174863739815,0.9745320700839071,Breast_MRI_499
2.050575263662512,0.9684877204699698,0.9971436608465937,0.9974055056339164,Breast_MRI_500
5.172310726516633,0.9705931806911681,0.9940603699425249,0.9943817767923132,Breast_MRI_501
3.2921160914030043,0.9739917369000552,0.995815363887454,0.9960752125669542,Breast_MRI_502
2.7886649951076325,0.968222238396256,0.9973397781662888,0.9974984969732889,Breast_MRI_503
11.73113380626223,0.9723704846631739,0.9740553481888129,0.9761088153070504,Breast_MRI_504
2.77822284735812,0.90816365298756,0.9990559274708479,0.999090421928218,Breast_MRI_505
9.562949424736338,0.9150405214711216,0.989049134961158,0.9902054246379691,Breast_MRI_506
3.7706855430528363,0.9802132716239285,0.9939265923408726,0.9943218972997004,Breast_MRI_507
3.5223061399217217,0.9746060983417504,0.99147277559525,0.9922599470850375,Breast_MRI_508
4.235478587408116,0.9720310834477052,0.9896732752305801,0.9911753996253057,Breast_MRI_509
3.928391658676893,0.9793378563589044,0.9958603063544872,0.9961753444001198,Breast_MRI_510
2.250810298434442,0.9566657859477362,0.998643133889202,0.9987423643675322,Breast_MRI_511
13.254783876637905,0.9684532510733322,0.9869567544757202,0.9878563401075477,Breast_MRI_512
3.411860934442269,0.9057726805253367,0.9982953188466924,0.998392999318655,Breast_MRI_513
4.384715936888453,0.9692459048309767,0.9964797931587661,0.9966576856489049,Breast_MRI_514
8.260449792074363,0.965931485824946,0.994358497286434,0.9947592190420699,Breast_MRI_515
15.318112815596029,0.9734880963157424,0.9390143944873275,0.9478726556148608,Breast_MRI_516
9.895746697651663,0.9580626514929718,0.9878188261864492,0.988718391154446,Breast_MRI_517
2.238976883561644,0.9685803321551104,0.9964989044106156,0.9968358842829014,Breast_MRI_518
1.7218841731898236,0.9711057194179471,0.9980392332623472,0.9981611597884535,Breast_MRI_519
18.726967649217222,0.9783415584902797,0.9643967669395257,0.9674389922797176,Breast_MRI_520
16.291959699119367,0.9485785560559185,0.9885106155876978,0.9893139198459571,Breast_MRI_521
4.67237188111546,0.9012140595432268,0.9978901700992808,0.9979980786147004,Breast_MRI_522
2.674023055283757,0.9516059782860781,0.9985284697371315,0.9986067663989463,Breast_MRI_523
2.3417777641878663,0.9766384166278631,0.9981500759980446,0.9982760528739154,Breast_MRI_524
6.250107020547944,0.9649549434785916,0.9943890761024518,0.9946972551993504,Breast_MRI_525
3.5733660914030034,0.9791897571635885,0.9959551839265002,0.9962504937990666,Breast_MRI_526
19.77744487056567,0.944194898928981,0.972225929295384,0.9754464394971668,Breast_MRI_527
2.9823951198630128,0.9562381521501798,0.9972098253657051,0.9974321718128956,Breast_MRI_528
5.71852029402365,0.9319323726550309,0.9897831406318031,0.9910204621841865,Breast_MRI_529
12.315947590508806,0.9286144462058658,0.9884342312434009,0.9890899835448311,Breast_MRI_530
5.265968994618394,0.9568679144248676,0.9974659092110703,0.9976076507910393,Breast_MRI_531
2.8673633194716235,0.9436490209272267,0.9980927445753968,0.9981905151144695,Breast_MRI_532
6.706575583253434,0.9691963917683691,0.9932037162496608,0.993709531217229,Breast_MRI_533
7.264900926813678,0.9656229596254472,0.9878755541063403,0.9889053067419228,Breast_MRI_534
25.21710647015656,0.916594234109396,0.9246833897229626,0.9346436430047401,Breast_MRI_535
15.413343933463793,0.9717286193706969,0.9728398809182722,0.9752229279992443,Breast_MRI_536
4.372744924168296,0.9655250181552625,0.9963727732234744,0.9966026764030593,Breast_MRI_537
11.198475950782997,0.9745240059746422,0.9871015419982359,0.9881431459522769,Breast_MRI_538
11.385388637475538,0.9641760180741291,0.9844438652797359,0.9854809389736037,Breast_MRI_539
1.9432026663405089,0.9582650413596213,0.9971792569444649,0.9974434996925527,Breast_MRI_540
7.203649328859061,0.9703178846290714,0.9931138310340087,0.9934948836117514,Breast_MRI_541
12.287854696673188,0.9565560843389505,0.9886061732394762,0.989390759675495,Breast_MRI_542
27.240368150684922,0.9612208808896134,0.9434938104949965,0.948818653302076,Breast_MRI_543
7.921260786193673,0.9650899579422998,0.9904123013022618,0.9910515576046862,Breast_MRI_544
8.740312400127834,0.9629095518740323,0.994846605530561,0.9952921330672047,Breast_MRI_545
12.810252876318309,0.9565948067622916,0.9894934849336661,0.9901082642706647,Breast_MRI_546
5.375428082191781,0.957242820001479,0.9919314495950972,0.9926972859306453,Breast_MRI_547
2.2571703767123292,0.9499272756010525,0.9990444603401791,0.999089195200855,Breast_MRI_548
1.4657992906066535,0.9697180116160884,0.9976875970289258,0.997877533427477,Breast_MRI_549
4.017673679060664,0.9712507035159278,0.9939457045528194,0.9943961561708511,Breast_MRI_550
0.8195098458904109,0.9718416050201816,0.9983335392635846,0.9984862529455087,Breast_MRI_551
3.9887934197651664,0.9619581919751208,0.9986546003508641,0.9987610888564076,Breast_MRI_552
3.2890166340508804,0.9728455283960007,0.9961854867449765,0.9964574169815786,Breast_MRI_553
4.337308245445829,0.9717864015563351,0.9961349550965296,0.9963939628192062,Breast_MRI_554
2.019454806751467,0.9288609720799008,0.998776909445941,0.9988542261059579,Breast_MRI_555
3.1471379647749513,0.9635063121181819,0.9957535893066864,0.996055825363629,Breast_MRI_556
5.664842221135029,0.9659561560171845,0.9950235523093435,0.995341255034174,Breast_MRI_557
5.674275318003914,0.9570090749297272,0.9936590625376617,0.9940895606803575,Breast_MRI_558
7.908547059763502,0.9689619475394394,0.9805351173588074,0.9828820146787529,Breast_MRI_559
9.694907350782781,0.9719296149237607,0.9887858345387571,0.9898006687696882,Breast_MRI_560
1.2807225415851269,0.975547643782271,0.99828002914704,0.9983976977869039,Breast_MRI_561
3.1306327900287627,0.975967348177825,0.9861028875959273,0.988094442711198,Breast_MRI_562
24.116308402641877,0.9669705017526119,0.9511918985633483,0.9565013654996204,Breast_MRI_563
6.545951182486416,0.9329367630359998,0.9980375161759192,0.9981368748013778,Breast_MRI_564
1.3370612157534245,0.9293003942450782,0.9994992972227198,0.999518494782197,Breast_MRI_565
4.391274767612524,0.9640095664465856,0.995371368426985,0.9956713712615695,Breast_MRI_566
5.387513759784734,0.9826342147289662,0.9876735703556295,0.9888569874123858,Breast_MRI_567
8.704658037711727,0.946110534935242,0.993013976971211,0.9934888509505942,Breast_MRI_568
3.611966682646213,0.9523739928341441,0.9955207455281982,0.9958733168366865,Breast_MRI_569
8.24062200383509,0.9384892778152183,0.9917506085277439,0.9922875969847251,Breast_MRI_570
4.491942881604697,0.9741686116069567,0.9964874367505617,0.9966941369355931,Breast_MRI_571
0.8075541218199609,0.9641941710504494,0.9995986733544195,0.9996155261590219,Breast_MRI_572
4.351921783268101,0.961734958739435,0.9903452480428278,0.9913187441801413,Breast_MRI_573
2.7879387842465744,0.9742427321601482,0.997626440149671,0.9977521647446664,Breast_MRI_574
5.41856500733855,0.9701372550467968,0.9867027455585705,0.9879302185978387,Breast_MRI_575
3.8499571917808213,0.9232915725178241,0.9986966440094974,0.998744596351131,Breast_MRI_576
28.248931367849153,0.9205464719358203,0.9902275622442973,0.9908139511119899,Breast_MRI_577
11.163960131032278,0.9024572319102286,0.9931538023579102,0.9935623256069748,Breast_MRI_578
4.306690313111546,0.9632016665836006,0.9977296383664928,0.9979504424599586,Breast_MRI_579
1.4715164589325664,0.892644027951935,0.9996754158984885,0.9996898162298078,Breast_MRI_580
4.266297700587084,0.975244905050073,0.9941329928904836,0.9945519568069865,Breast_MRI_581
7.130213326941516,0.957711042245066,0.9951811829886051,0.9955969837942285,Breast_MRI_582
14.930214958414872,0.9390502877887177,0.9779158954077152,0.9798916304435303,Breast_MRI_583
15.304687499999996,0.9645847311925679,0.9821773315957913,0.9835465097912809,Breast_MRI_584
3.1033283390410955,0.9689245917765467,0.9955777656220857,0.9959393538106249,Breast_MRI_585
10.589408023483362,0.9651959895258277,0.9890839364783897,0.9896878902290709,Breast_MRI_586
4.89376597954618,0.9543677563708689,0.9975830972521399,0.9977282149839674,Breast_MRI_587
3.0937117783757335,0.9784531964114311,0.9970378276139542,0.9972394919225769,Breast_MRI_588
4.167865132630233,0.9146420153180855,0.9984769524828027,0.9985716167088504,Breast_MRI_589
7.92933586105675,0.9771120877168792,0.9906777611924846,0.9911692116866636,Breast_MRI_590
2.500479386385426,0.9513702553146124,0.9974982085257218,0.9976183025810396,Breast_MRI_591
18.901418786692755,0.9558007419601868,0.9774264827919158,0.9788729775441279,Breast_MRI_592
3.471104452054794,0.9673487256100021,0.9958223887246727,0.9960985724394106,Breast_MRI_593
11.995910286203522,0.9699279285048141,0.9812562181534706,0.9828069949930903,Breast_MRI_594
7.79040827740492,0.9635473320771216,0.9905621043890025,0.9912980628289297,Breast_MRI_595
20.571688239054016,0.9240613161795682,0.9901177067928001,0.9905957269987323,Breast_MRI_596
17.635885518591003,0.9801776562741135,0.9607428030692807,0.9641809198624561,Breast_MRI_597
14.274149089165872,0.9445547147455727,0.9703737618093013,0.9742961872937033,Breast_MRI_598
6.042754708904111,0.9519997510044267,0.995134395609732,0.995393386293547,Breast_MRI_599
8.674546580377118,0.9590286411635466,0.9935632515840227,0.9939849527787491,Breast_MRI_600
4.999121124960052,0.9510059663225178,0.9973733666218411,0.9974709490123241,Breast_MRI_601
7.176201687866927,0.965159610442237,0.9958338482472084,0.9960454582198298,Breast_MRI_602
2.7726501345401173,0.9758797375570679,0.9953025701129303,0.9957506479374089,Breast_MRI_603
5.104849559686887,0.9373520870597795,0.9926614965779833,0.9932159727174928,Breast_MRI_604
8.102159236177691,0.9556740842064065,0.9941225364959779,0.9943929789319949,Breast_MRI_605
10.316704378669272,0.9470235306381632,0.9882889571004778,0.9893732670644642,Breast_MRI_606
7.224213007350591,0.9744611042930122,0.9936081938312209,0.9940066184962225,Breast_MRI_607
6.069410469667319,0.9653909985013915,0.9875168689705037,0.9886597033904597,Breast_MRI_608
5.658627385029353,0.9686523918945579,0.9925544424660127,0.9931661597805357,Breast_MRI_609
4.5096853595890405,0.9222088161757362,0.9991705917111033,0.9992440622633071,Breast_MRI_610
4.938868334148728,0.968954755479225,0.993964816415644,0.9944312046148507,Breast_MRI_611
4.511425375519336,0.9667340756461986,0.99491651474742,0.9952267809910663,Breast_MRI_612
2.3553950942793227,0.9495172656747691,0.9973883470525453,0.9975778348511982,Breast_MRI_613
10.740967868338558,0.9499989828812588,0.993740221458354,0.993978397791015,Breast_MRI_614
3.9622752568493147,0.9661802737266971,0.9959905590656909,0.9963595078484475,Breast_MRI_615
5.95923281555773,0.9764594140309987,0.9889922009530504,0.9899071968126703,Breast_MRI_616
2.5952865092954998,0.9727739202941282,0.9978901686828789,0.998036624565233,Breast_MRI_617
8.224544398238745,0.9776283890283978,0.9892597435764525,0.9900340179482684,Breast_MRI_618
1.8770486790606649,0.9569622717923992,0.9977907932506486,0.9979810911094312,Breast_MRI_619
6.388346991193737,0.9824121805484239,0.9662888432586904,0.971198510467303,Breast_MRI_620
2.525363869863013,0.9648771694852605,0.9953293429213936,0.9957466650663593,Breast_MRI_621
2.7467641418983706,0.9545321718974349,0.9986117788170726,0.9986820503171295,Breast_MRI_622
1.4350079500978472,0.9602669898172321,0.9989221513400764,0.9990042169726204,Breast_MRI_623
4.789796355185909,0.9491224553920788,0.9975423524776867,0.9976738091441768,Breast_MRI_624
14.390181629158512,0.9746802025701172,0.974414536549156,0.9765453345828566,Breast_MRI_625
2.036899156066536,0.9528419339191371,0.998364116347099,0.9985028092917363,Breast_MRI_626
5.0049764554794525,0.9164506920791938,0.9990559268786275,0.9991023242438104,Breast_MRI_627
2.7492609459891333,0.961095369006171,0.9977578735940931,0.9979177118563655,Breast_MRI_628
3.6065835730265254,0.9412581795745945,0.9982222787286001,0.9983159048610989,Breast_MRI_629
6.837787426614479,0.9701611077225242,0.9933953161504894,0.9938447842526031,Breast_MRI_630
2.1548018536273563,0.9612808460342842,0.9985518556188965,0.9986155736172567,Breast_MRI_631
21.05299045988258,0.9568509927137323,0.9816269835337494,0.9826920607411951,Breast_MRI_632
7.115207619863012,0.9817119198189351,0.9847572744183205,0.9860701678497488,Breast_MRI_633
2.336587267612524,0.9655361718918175,0.9978939910868523,0.9980232680165518,Breast_MRI_634
6.417609466731896,0.9780182724740489,0.9929022706518328,0.9933188462495665,Breast_MRI_635
4.27471410225049,0.9682702397305629,0.993991599065557,0.9944268525527497,Breast_MRI_636
1.8403712084148722,0.9570307627026965,0.9981424313768301,0.9983145357596162,Breast_MRI_637
3.396503485812133,0.958199334405758,0.9979398568931221,0.9981331638528551,Breast_MRI_638
6.163496819960861,0.9050880014180207,0.996391889486039,0.9966002904157806,Breast_MRI_639
9.016305344911938,0.9347047197803737,0.9944502326471147,0.9947346618924979,Breast_MRI_640
10.699414749121125,0.9627814238959017,0.9937230528780868,0.9942224062222697,Breast_MRI_641
3.370015900195695,0.9719422300791378,0.9970416497763672,0.9972129284857688,Breast_MRI_642
9.31543542074364,0.9273792331986908,0.9922372289022239,0.9928131636323041,Breast_MRI_643
6.245975151805688,0.9444209169833493,0.9953859158855916,0.9957970370122894,Breast_MRI_644
11.183634947267496,0.9708833561920437,0.9881601810124707,0.9890769787789926,Breast_MRI_645
5.4546462206457935,0.9692724301713442,0.9951955510447718,0.9954671502392956,Breast_MRI_646
4.7285973953339715,0.9691125493497957,0.9946368757062058,0.9950271665543107,Breast_MRI_647
8.999548984833659,0.9468004181298045,0.9934641386932445,0.9937486584562867,Breast_MRI_648
1.7545330846379648,0.9759054480896975,0.9985972679547833,0.9986708437271687,Breast_MRI_649
6.176408084637965,0.9628781754103302,0.9919391054367022,0.9924776826098496,Breast_MRI_650
2.38548197492163,0.9124006557367216,0.9982366825476603,0.9983264138138863,Breast_MRI_651
16.10777733610567,0.954010423545283,0.9813060364225719,0.9825958644242981,Breast_MRI_652
4.3258011252446185,0.9672767885114035,0.9953790128471823,0.9957124008310824,Breast_MRI_653
1.367156922700587,0.9093220309687318,0.9997400932034064,0.9997444454974307,Breast_MRI_654
3.9268285225048913,0.9165842306372181,0.9985399361512336,0.9986088573704838,Breast_MRI_655
3.1336089805049534,0.9671131150032376,0.9960950062877176,0.9963786800453657,Breast_MRI_656
5.50334056996086,0.9587681433697135,0.9925621099722307,0.9930390250600224,Breast_MRI_657
3.979375611545988,0.9816950720837792,0.9943737852969178,0.9948480401199687,Breast_MRI_658
24.412711728986896,0.9205451130597146,0.9622094333038033,0.9660717798952568,Breast_MRI_659
5.720592282289629,0.9773137371996877,0.9921187132833271,0.992717522496388,Breast_MRI_660
4.919826320939333,0.9731631787403998,0.9965027263970999,0.9967441752603172,Breast_MRI_661
2.485408676893576,0.9695910874115666,0.9971087053519083,0.99732514420946,Breast_MRI_662
5.113113074853229,0.975170521761701,0.9910790995285423,0.9918445128361726,Breast_MRI_663
7.8253348214285685,0.9464948048931457,0.9953063938972259,0.9955353993020978,Breast_MRI_664
4.460807546477495,0.9681351634588162,0.996502726246833,0.9966748308476957,Breast_MRI_665
7.077284124266145,0.9663219939753817,0.9928525725213042,0.9933327023119576,Breast_MRI_666
3.7270135151663406,0.9659701763322719,0.9957574105998013,0.9960070886659,Breast_MRI_667
5.730973275440313,0.9484466339688965,0.9972021826487103,0.9973184196918577,Breast_MRI_668
1.6449211105675143,0.9575130553277523,0.9986928218470763,0.9987874185033571,Breast_MRI_669
2.76437133072407,0.9757370935104738,0.9975614632128795,0.9977008649984166,Breast_MRI_670
1.7860338766379034,0.9435426911997172,0.9990911646400182,0.9991252281290874,Breast_MRI_671
6.34718994618395,0.9677860332674718,0.9866225849962754,0.9878834192054984,Breast_MRI_672
2.01342343444227,0.9616942226513335,0.9979360347965809,0.9981065693052719,Breast_MRI_673
7.32104635518591,0.9448812196118994,0.9938883755050517,0.9943158997930872,Breast_MRI_674
5.295529598825832,0.9823116054961315,0.9878417361705842,0.9892152174113505,Breast_MRI_675
1.6140074608610566,0.9794742881023154,0.9973397785288242,0.9976041899908654,Breast_MRI_676
4.546638025929547,0.9690211307000217,0.9954478108861491,0.9957957972544781,Breast_MRI_677
6.184434625733854,0.9515414706781572,0.9943470347330355,0.9946362328295573,Breast_MRI_678
21.988165148609774,0.9687088487661849,0.9773290876558807,0.9787799364137554,Breast_MRI_679
1.9711868807925852,0.9651498314277883,0.998696670330778,0.998745365933018,Breast_MRI_680
35.787621844039634,0.9395577719168495,0.9601517193175967,0.9627395248307257,Breast_MRI_681
10.003470523483365,0.9376965003423378,0.9842642694802523,0.9853312899109747,Breast_MRI_682
11.914449504634069,0.9827504017009314,0.9761557043671382,0.9782818658131002,Breast_MRI_683
3.943791279354206,0.9537223819718381,0.9964492160574221,0.9966342746577384,Breast_MRI_684
14.449830295988253,0.9695715552388809,0.9848451945510913,0.9857093115098621,Breast_MRI_685
16.800651296477493,0.9601369682732982,0.9778202897587835,0.9794866365151141,Breast_MRI_686
4.5545728351272015,0.9787064114490269,0.996437749042398,0.9967068499600894,Breast_MRI_687
2.983480613992172,0.9658234448247471,0.9969155187391218,0.9970903977908396,Breast_MRI_688
4.365803877201565,0.9653207342197584,0.9958376727861523,0.9960631059293235,Breast_MRI_689
6.52775447427293,0.9653764699241814,0.9871465258602571,0.988688089431974,Breast_MRI_690
14.869809503424655,0.9348461484499666,0.9825939806650982,0.9837226586885449,Breast_MRI_691
3.359504953522505,0.9453436567189064,0.9960058547226858,0.9962389022915396,Breast_MRI_692
5.4639561361457325,0.9539707566229958,0.9973783593986942,0.9975767730702882,Breast_MRI_693
17.009119679549897,0.9766748922745822,0.9808204537198538,0.9820289242024164,Breast_MRI_694
5.102728507510386,0.9693541442701042,0.981169290466238,0.9838797235439092,Breast_MRI_695
2.8766778523489926,0.9227027402839817,0.997418312514112,0.9976227439285142,Breast_MRI_696
3.0660754234579732,0.9354261527364581,0.9988414844934069,0.9988700003462041,Breast_MRI_697
5.974216300940437,0.8971205322556517,0.9980309658005309,0.9981430953590857,Breast_MRI_698
3.104077482876712,0.9707120552701584,0.9965333031466185,0.9967689566331809,Breast_MRI_699
3.8429610099073184,0.9754960159975221,0.9940775930007457,0.9946275167299096,Breast_MRI_700
17.84393346379647,0.9539312214248806,0.9750723469828048,0.9771029956249311,Breast_MRI_701
3.0361936720997127,0.908408171709566,0.9989313697962514,0.9989733247907362,Breast_MRI_702
17.118670499021526,0.9493512662961545,0.9786762942682491,0.9804847241419519,Breast_MRI_703
15.279919887475536,0.9630662511701709,0.9615685713779968,0.9664710342374453,Breast_MRI_704
3.9194364603718195,0.9615698745166419,0.9943852553063675,0.9948902144236409,Breast_MRI_705
12.718000856164384,0.9801685546422398,0.963621246896986,0.9672604573364182,Breast_MRI_706
3.5412372163630557,0.9681604019087844,0.9979126749473862,0.9980314309299043,Breast_MRI_707
17.66906188845401,0.9162637963594965,0.982215753246316,0.9833203793543189,Breast_MRI_708
9.180811215753419,0.9497150170677813,0.9949241755620956,0.995170319789315,Breast_MRI_709
29.67392737296261,0.9506113435904975,0.9594881022747496,0.9625437421776073,Breast_MRI_710
3.5354845797379353,0.9306127772335766,0.9988115228880559,0.9988411631440157,Breast_MRI_711
1.0666738013698627,0.9579325718810476,0.9991514809282313,0.9991874910443725,Breast_MRI_712
0.9464897260273972,0.9198378649950187,0.9994304984452478,0.9994694969091724,Breast_MRI_713
3.516978267817194,0.959430376153853,0.998352111541807,0.9984216638747345,Breast_MRI_714
6.042387781311153,0.9397163805245328,0.9964989042273622,0.9966720356495755,Breast_MRI_715
2.596991193737769,0.9656799628256948,0.9977946153984223,0.9979163912448603,Breast_MRI_716
17.136135746244808,0.8997958040926785,0.9046719392390007,0.9197673798466555,Breast_MRI_717
12.435043144774689,0.9785024365749811,0.9864773403258841,0.9873573688884699,Breast_MRI_718
1.966112707925636,0.9723877615694855,0.9985972680645042,0.9987129620254134,Breast_MRI_719
3.0514310176125234,0.9381129938448101,0.9969384628980981,0.9971056771476673,Breast_MRI_720
6.2086136252446185,0.9526999102541226,0.9974085774998586,0.9975640524507383,Breast_MRI_721
2.025539689334638,0.9593019915796235,0.9985017141612808,0.9985456838857623,Breast_MRI_722
18.16259478962817,0.9460936606964875,0.9844400619567342,0.9857162097144165,Breast_MRI_723
6.9205816554809845,0.9810587554464446,0.9894535214903825,0.9902772264090018,Breast_MRI_724
38.975231703419624,0.9528409793951932,0.9423973814943201,0.9477929959889101,Breast_MRI_725
5.487470951565557,0.9723629714843866,0.992447435988407,0.9930195520677285,Breast_MRI_726
8.30315196548418,0.918117895363212,0.9956705523818555,0.9959009889751588,Breast_MRI_727
1.935462607861937,0.9636463106879041,0.9955107655948284,0.9962285275798105,Breast_MRI_728
17.259078379674023,0.9608941172805838,0.9419226815859014,0.9487480412652698,Breast_MRI_729
4.896633439334637,0.9730854026226514,0.9909185612289618,0.9916519857151226,Breast_MRI_730
4.62751677852349,0.9751032075198834,0.9963546719151702,0.9966600881634237,Breast_MRI_731
9.472610384050878,0.9158414186408499,0.9954172416918532,0.9956168061189724,Breast_MRI_732
2.822873348825831,0.973808371106064,0.9966976563134424,0.9969337605068662,Breast_MRI_733
3.4000504525440305,0.9674358925910539,0.9935787971842639,0.9941472034151808,Breast_MRI_734
5.856768285225047,0.9839956722516684,0.9729014885306057,0.9775258699835406,Breast_MRI_735
5.945228412426614,0.957338935444046,0.9947101370379265,0.995053171836713,Breast_MRI_736
3.903826749021527,0.9731146558975626,0.9966976556025623,0.9969176315123406,Breast_MRI_737
3.163251038670502,0.9783666237493783,0.9967092170306802,0.9969333921003479,Breast_MRI_738
6.143338735322894,0.951527380182586,0.9931621991180392,0.9938602122707281,Breast_MRI_739
1.1180665973581214,0.9410080238824222,0.999113259311314,0.9991646315530611,Breast_MRI_740
2.0951581975071907,0.9536827175803724,0.9988165164587806,0.9988724911177629,Breast_MRI_741
9.745207008317022,0.9661967320595434,0.9927684826610604,0.9931682041439156,Breast_MRI_742
2.776411142367906,0.9538191306992453,0.9971257381039864,0.9972852031559827,Breast_MRI_743
1.4199792074363993,0.9636597225670401,0.9989068627561998,0.9989821823973755,Breast_MRI_744
13.435680650684931,0.9606337036299634,0.9708027815277036,0.9733897055801843,Breast_MRI_745
10.045078583659489,0.9599589009597203,0.9923786208182972,0.9927681314433797,Breast_MRI_746
2.8290499633072406,0.9869182685919377,0.9930092784418402,0.9936409211106356,Breast_MRI_747
8.22483488258317,0.9748725000598709,0.9788177253921353,0.9809420201007959,Breast_MRI_748
14.018795941195272,0.9616256539496296,0.9815736574183382,0.9830429025916817,Breast_MRI_749
3.8633653375733847,0.9724049429835048,0.9963918831228058,0.9966271247344656,Breast_MRI_750
5.14495933219178,0.9815650835396301,0.989775733250127,0.9906216878259194,Breast_MRI_751
3.174604023972602,0.9662093155094716,0.9975385303079488,0.9977083380165348,Breast_MRI_752
2.5741193737769077,0.942980587711171,0.9959447022626685,0.9962718474013025,Breast_MRI_753
4.671100990731864,0.9661492605460097,0.993368506295835,0.9939392901364588,Breast_MRI_754
1.3733946917808217,0.9647471439223745,0.9988953963018402,0.998943292533473,Breast_MRI_755
13.23587382445141,0.9240200206881208,0.9945827046866212,0.9948030482607343,Breast_MRI_756
5.221188539628178,0.9747499743934644,0.9933723848196654,0.9938266876171825,Breast_MRI_757
2.982632093933463,0.9615796422733851,0.99800101187971,0.9980757117678756,Breast_MRI_758
1.470068312559923,0.9636726089159807,0.9988864269357641,0.9989224149996887,Breast_MRI_759
7.1397764799412915,0.963041118289362,0.9939992134851505,0.9943046471207402,Breast_MRI_760
2.964408023483365,0.9447811761431308,0.9967473472864578,0.9969250391480399,Breast_MRI_761
14.96878822162426,0.9534256520988815,0.9890189580316625,0.9895465587134731,Breast_MRI_762
1.5616361912915853,0.9584551082504235,0.9979245686204152,0.9981263639568304,Breast_MRI_763
3.223923378076063,0.9647286082168478,0.9925995053399067,0.9936830100181275,Breast_MRI_764
4.838957008317024,0.9819624847324627,0.991820586072249,0.9924266442477653,Breast_MRI_765
3.6334393346379636,0.9542149356332007,0.9958109305336342,0.9960951010288049,Breast_MRI_766
2.5728809931506853,0.9575244788515584,0.9978443039856287,0.9979776564044954,Breast_MRI_767
3.472434564579256,0.9749452833038538,0.9967893872183108,0.9969563245251213,Breast_MRI_768
1.8249067392367901,0.9717567942031216,0.9974200436612072,0.9976361214716003,Breast_MRI_769
2.743555834148727,0.9593711660223536,0.998474958914609,0.9985962899994385,Breast_MRI_770
6.800489811912225,0.9034540438653359,0.9980995348043501,0.9981654778346565,Breast_MRI_771
4.059679244129159,0.9470770231116509,0.9975691078122959,0.9976846233646587,Breast_MRI_772
9.128350313479626,0.9573290596909585,0.9925842950478714,0.9930472768190614,Breast_MRI_773
2.438593138454012,0.9616719261698221,0.9977181720659355,0.9978603746339025,Breast_MRI_774
5.16621819960861,0.9800141706783383,0.9893667752040696,0.9905187186394406,Breast_MRI_775
10.356783317353788,0.9579090269269429,0.9160550680256386,0.9346052407701138,Breast_MRI_776
2.246040239726027,0.9416749921366051,0.9980736328192388,0.9981937620059029,Breast_MRI_777
15.473404042825186,0.9581880768550088,0.9862526666236303,0.9871715294499307,Breast_MRI_778
2.0388713918786694,0.985037831549299,0.9971563147549807,0.9973841759814842,Breast_MRI_779
4.652594678811122,0.9314985213159481,0.994911527085631,0.995433407281651,Breast_MRI_780
5.639485995596868,0.9642859385539734,0.9953216812441527,0.9957970095418952,Breast_MRI_781
3.5468100830936398,0.9518155645425229,0.9983620989642079,0.9984244863970578,Breast_MRI_782
3.4372603068072864,0.955565721900907,0.9985568491896101,0.998625882492764,Breast_MRI_783
1.8650700220156553,0.9627994935387307,0.9967511667886931,0.9970449797046782,Breast_MRI_784
1.9550895914872797,0.9350751471178187,0.999411387603892,0.9994508521297776,Breast_MRI_785
7.807676431017612,0.97750596263924,0.9755804579597837,0.9785930928811222,Breast_MRI_786
3.6216441413894325,0.9016950702361699,0.9993922768648598,0.9994153329332572,Breast_MRI_787
1.2163330936401404,0.9132267087439305,0.99931587667102,0.9993402758930415,Breast_MRI_788
4.022168542074364,0.9723934022774695,0.994266772853156,0.9947011339737953,Breast_MRI_789
1.764623593444227,0.95847430761374,0.9984711372350219,0.9985661531652377,Breast_MRI_790
4.799087168424417,0.9524994076259633,0.9922699233155662,0.9930667076395955,Breast_MRI_791
3.1835937499999982,0.9802517613084142,0.9950923522381306,0.9954930922927987,Breast_MRI_792
9.830938111545988,0.9620750439576069,0.9921760587572349,0.9926075479542938,Breast_MRI_793
3.3951351516634047,0.9823035440516761,0.9953637242526254,0.9957891807165291,Breast_MRI_794
5.048457375244617,0.9777178815218066,0.9732909896422036,0.9771572509718568,Breast_MRI_795
6.016144814090019,0.9849474324045676,0.9884915075251537,0.9894038001958717,Breast_MRI_796
15.625117554858935,0.9403629516323374,0.9901450191450477,0.9905934760663643,Breast_MRI_797
3.416722725048923,0.9696326182507207,0.9954745761122601,0.9958553907294898,Breast_MRI_798
5.857222754873761,0.9773285782159877,0.9955307286240328,0.995914496984593,Breast_MRI_799
1.320113747553816,0.9600505541305316,0.9970378310169573,0.9973179229064361,Breast_MRI_800
4.257130872483222,0.9653383609248671,0.9964395629096578,0.9966777304187426,Breast_MRI_801
2.6658177532758067,0.9538496923513788,0.9952660695221767,0.9957014079908935,Breast_MRI_802
4.016611117906066,0.9554365252403055,0.9964109963320162,0.9966302094240053,Breast_MRI_803
3.453522504892368,0.9767721044465297,0.9900127254075555,0.9912283065486857,Breast_MRI_804
17.53806818181818,0.9406075862137802,0.9870984770944867,0.9879040231132964,Breast_MRI_805
3.2419811032289614,0.9557999962480257,0.9963613067692464,0.9966357641787633,Breast_MRI_806
1.9223795254403124,0.9546206822876481,0.9987501547368385,0.9988015230933015,Breast_MRI_807
27.902484819431127,0.9318305253336702,0.9196027496341503,0.9297076664945749,Breast_MRI_808
6.988609955968686,0.983507756263395,0.9868900121940396,0.9880810887931154,Breast_MRI_809
3.7265930772994125,0.9825900129258973,0.9893323732108644,0.9904306538849658,Breast_MRI_810
6.161845645792563,0.9679193425470862,0.9944234731876818,0.9947102106355854,Breast_MRI_811
4.856730063600782,0.9465266747659795,0.9954516357415382,0.9958361140552534,Breast_MRI_812
8.303670804794518,0.9731727842454061,0.9810115773494352,0.9828885387095789,Breast_MRI_813
6.120673312133071,0.9689091243947202,0.995027373521085,0.9954130854287183,Breast_MRI_814
2.992126345401174,0.9671815885658739,0.980629525714456,0.9837430621414027,Breast_MRI_815
3.398873226516634,0.9604653312450875,0.9971333818171311,0.9973654503746623,Breast_MRI_816
7.686957252935418,0.9864093565080903,0.9866453915516904,0.9878273215799986,Breast_MRI_817
12.109799456695427,0.9631911885996229,0.9875010469398405,0.9883127049400591,Breast_MRI_818
5.862535953978907,0.9680820632249394,0.9943472461966105,0.9947204333651553,Breast_MRI_819
15.839323935909976,0.9468577744829708,0.9791541044820159,0.9805086267737866,Breast_MRI_820
2.5130717954990214,0.8782164203961289,0.9996368949348273,0.999648571291778,Breast_MRI_821
8.854841915362034,0.9647236773110465,0.991564503156395,0.9921066345343524,Breast_MRI_822
3.572452910958905,0.9191250469331126,0.990635886982422,0.9921231421902645,Breast_MRI_823
6.991460930009588,0.9667555974896591,0.9922149808225239,0.99262711069646,Breast_MRI_824
1.4109894814090018,0.9726450430517298,0.9974238661092311,0.997614648132181,Breast_MRI_825
2.9938768957925626,0.9760449670952895,0.9969613847100457,0.997125192747061,Breast_MRI_826
2.6854895425636,0.9724574301608185,0.9957115439212592,0.9960030083435532,Breast_MRI_827
1.6100094789628179,0.9672721643173307,0.9985475799676716,0.9986634508485771,Breast_MRI_828
3.59841303816047,0.951955889977655,0.9960670059583037,0.9963572108765884,Breast_MRI_829
5.436840843720039,0.9726051048104001,0.9909416151227315,0.9916867542055895,Breast_MRI_830
19.769951687866925,0.9628007555885268,0.9735470099459587,0.9753297784519256,Breast_MRI_831
3.975950954011742,0.9640663611891043,0.9930207497433355,0.9936802132676248,Breast_MRI_832
2.9863166585127203,0.9643110512190659,0.9979627897980916,0.9980625449434444,Breast_MRI_833
4.742944288160471,0.9711331099432842,0.9952108382374234,0.9955666016271547,Breast_MRI_834
4.013423434442268,0.9762587228118937,0.9955242546918301,0.9957889823602261,Breast_MRI_835
6.868907473091975,0.9509532118289292,0.997167781333784,0.9972713108083999,Breast_MRI_836
0.8976730675146767,0.9595096774517476,0.9991438365412445,0.9991805198589303,Breast_MRI_837
9.051912610078277,0.9561303935482912,0.9883118807204632,0.9894063853949792,Breast_MRI_838
10.710883989726025,0.9722044236096209,0.9866721616422666,0.9875300465653116,Breast_MRI_839
7.888446367416828,0.94218605857273,0.9930666241945209,0.9935521264795366,Breast_MRI_840
2.4284338307240705,0.9727520202313567,0.997752571414196,0.9979230521852421,Breast_MRI_841
2.4510610322896276,0.9565269991264965,0.9985131806339086,0.9985716729246283,Breast_MRI_842
3.776548740215264,0.9665331990958913,0.9950961745693542,0.9954021336034018,Breast_MRI_843
5.112296260786193,0.9374858054563122,0.9975231738416876,0.9976561755088865,Breast_MRI_844
2.6607066413894316,0.9447293357608714,0.9972900931054782,0.9974883941004912,Breast_MRI_845
2.6124021526418786,0.9117817372125734,0.9982112321333966,0.99829491121464,Breast_MRI_846
7.879144694790669,0.9652250723127106,0.9933734995775939,0.9937938761287113,Breast_MRI_847
16.619243823385517,0.9443116465732203,0.9777747066380311,0.9795733475876279,Breast_MRI_848
6.474452700543303,0.9359927771051044,0.997003840018262,0.997143219538258,Breast_MRI_849
22.063448785554492,0.9711571007866614,0.974672522573531,0.9765577628323481,Breast_MRI_850
18.324914109939275,0.9464025511077748,0.9772792142381637,0.9786418750557656,Breast_MRI_851
7.541860322896279,0.9640291668852844,0.9883768497257137,0.9892502706138452,Breast_MRI_852
3.88752140410959,0.9638372499400971,0.9951038242893346,0.9955080572525856,Breast_MRI_853
33.63275007989773,0.9388607270212689,0.9766850009865632,0.9777959398230283,Breast_MRI_854
1.818523727984344,0.9166673451686661,0.999587206870798,0.9996059775976062,Breast_MRI_855
1.5065435420743638,0.8965063016199247,0.9994457871241783,0.9994567233339338,Breast_MRI_856
12.428301773729626,0.9698608573183052,0.9581601050611426,0.9637286592567013,Breast_MRI_857
1.7862417441291583,0.9648992441809582,0.9983182505224504,0.9984063541521223,Breast_MRI_858
5.484726638943247,0.9639538652445762,0.9944043653800423,0.9948328280942533,Breast_MRI_859
4.899377751956946,0.9713144209346812,0.9944502455122797,0.994899738807503,Breast_MRI_860
4.925536631604695,0.974838619284336,0.9925697338494115,0.9932327399039239,Breast_MRI_861
2.734420865949119,0.9444396546544727,0.9980163006318392,0.9981020433099607,Breast_MRI_862
3.2813035102739723,0.9438819744333158,0.9856825717058589,0.9886878646501822,Breast_MRI_863
17.468500319590923,0.9510931658725846,0.9844250029103983,0.9855156849741104,Breast_MRI_864
5.5027519569471615,0.9797944339415977,0.9933379809241957,0.9938088006731776,Breast_MRI_865
7.914792319749215,0.9717374864810572,0.9907131998777359,0.9913149501673606,Breast_MRI_866
3.7797670009784743,0.9790023354426908,0.9956733182331262,0.9959698908614721,Breast_MRI_867
4.877644936399217,0.9762452792463358,0.9960822887009536,0.9963030700236797,Breast_MRI_868
14.731615398727982,0.9320914046010503,0.985307728333084,0.9861722712627801,Breast_MRI_869
3.447850415851271,0.9433368487438822,0.9967626373064197,0.9969810359387464,Breast_MRI_870
3.0279017857142856,0.960853532594298,0.9965600619739768,0.99683345259855,Breast_MRI_871
1.8576703155577303,0.9179983208756257,0.9992546791491752,0.9992945697311563,Breast_MRI_872
7.8619129158512715,0.9726817121957534,0.9897528051357662,0.9904032048485178,Breast_MRI_873
16.994603106653628,0.954905295974117,0.9584557881180729,0.9631763448367868,Breast_MRI_874
4.727686215753424,0.9677804296599255,0.9963383725081668,0.9965956432931065,Breast_MRI_875
2.238953950587084,0.9319401467930473,0.9991438365120018,0.999197923055617,Breast_MRI_876
4.009777091487278,0.958889586253265,0.9952070233596207,0.995520181770082,Breast_MRI_877
3.794811032289627,0.9222894630056047,0.9975805740542467,0.9976827669998011,Breast_MRI_878
15.83163374510763,0.9391335425670243,0.96803997605375,0.9721432461081203,Breast_MRI_879
3.245199363992171,0.9822154268966321,0.9960402455158268,0.996279779119497,Breast_MRI_880
11.08188518696069,0.8708825316986608,0.9972585150469511,0.9973455206436391,Breast_MRI_881
4.258592221135029,0.9807638942838178,0.9916677055878144,0.9923608093642619,Breast_MRI_882
7.261045861297539,0.961246291344868,0.9932586425306649,0.9936721626969061,Breast_MRI_883
6.839759662426614,0.9820641817270305,0.985930653180062,0.987140244561631,Breast_MRI_884
6.057034307729941,0.9497220160866172,0.9970645828204433,0.9972227354018038,Breast_MRI_885
5.345967162032598,0.939443743642539,0.9952111476502438,0.9955383906133658,Breast_MRI_886
6.502407962328766,0.9541954625072062,0.9838669166111015,0.9857957211026168,Breast_MRI_887
3.9886176002935416,0.9672747348258091,0.9947101386644692,0.9951907072499622,Breast_MRI_888
1.219086350293542,0.9454814159219218,0.9994037432936611,0.9994463086316844,Breast_MRI_889
2.453439597315436,0.9447524900132002,0.9990112668592985,0.9990355746700955,Breast_MRI_890
3.0233916340508804,0.9652006804515756,0.9973321343468161,0.9974795046492306,Breast_MRI_891
3.8703446061643825,0.9171808917208831,0.9978022591339469,0.997908496158266,Breast_MRI_892
2.0164389581335893,0.9467548902584166,0.9988364912597112,0.9988873959691428,Breast_MRI_893
2.262223275440313,0.9589980070051334,0.9980507016195326,0.9981657350789034,Breast_MRI_894
2.6083583047945202,0.9720038538862685,0.9962389977005685,0.9965569878283086,Breast_MRI_895
8.785867172211347,0.9635499613343343,0.9939036625413907,0.9943143617326667,Breast_MRI_896
0.822284735812133,0.9468594560669896,0.999701871626643,0.999709604913907,Breast_MRI_897
3.057416523972603,0.9749009594540703,0.9957803403428593,0.9961149787011137,Breast_MRI_898
15.203774767612522,0.9651584542148992,0.9775794364648264,0.9792767203601062,Breast_MRI_899
4.480335170981143,0.9607519243673613,0.9950613334369743,0.9954483659167825,Breast_MRI_900
5.942064157877916,0.9720755646699168,0.9934284241083445,0.9938923519275725,Breast_MRI_901
2.2520716120352247,0.9319922099998641,0.9978366602134855,0.9979763897162199,Breast_MRI_902
7.162701810176124,0.9702438992846593,0.9949585759450392,0.9953779227465713,Breast_MRI_903
43.5428487460815,0.904294684623917,0.9642054399956163,0.9670021632320159,Breast_MRI_904
7.6182424168297445,0.9710227812640246,0.9922983551396835,0.9928646969950805,Breast_MRI_905
4.195985200587084,0.9546508713246563,0.9949356521440518,0.9953358119279637,Breast_MRI_906
14.673368088846274,0.9758056566379153,0.9725153595997289,0.9745460556436742,Breast_MRI_907
4.783482142857144,0.9510861753392478,0.9966976558260867,0.9968453630583582,Breast_MRI_908
2.9844437989236794,0.9729364918241296,0.9958223824201491,0.9961199358542435,Breast_MRI_909
15.55173679060665,0.9244335686478492,0.9932080440129468,0.9934929408337934,Breast_MRI_910
12.425758317025437,0.9668997975272301,0.9851815267487883,0.9862159196147352,Breast_MRI_911
1.6732356898238747,0.9674905772105568,0.9988686411246672,0.9989310380782688,Breast_MRI_912
1.7977311643835616,0.9517288824967636,0.9990024167253523,0.9990381773174994,Breast_MRI_913
8.617569716242656,0.9781516293984773,0.9864733988084596,0.9872789796521811,Breast_MRI_914
7.839950770547945,0.9873744839659229,0.9783054638717461,0.9801430893624945,Breast_MRI_915
2.934319960861056,0.9768770964031751,0.997771681951744,0.9978726745260037,Breast_MRI_916
18.098764677103716,0.9667371350295135,0.9727941031935268,0.9749447039493653,Breast_MRI_917
5.414597602739725,0.9623512798256787,0.9895922922909441,0.9907007738513964,Breast_MRI_918
1.9830983977495107,0.9657098152696565,0.9974429773533637,0.9976139032977495,Breast_MRI_919
1.5842821188878238,0.9718503798433996,0.9980275278477478,0.9981842160068203,Breast_MRI_920
5.844032840019569,0.9750765516477625,0.9928067018789234,0.9934246390439238,Breast_MRI_921
2.723596501956947,0.9284647399555589,0.9992546791126256,0.9993094954275158,Breast_MRI_922
